INSERT INTO users (id, username, email, password) VALUES
    ('00000000-0000-4000-8000-000000000001', 'alice', 'alice@dexwin.test', '$2b$10$qB7baSP7bBYnrVwDzaSvNOzBJR1Z3NZsbDawbI3nChQPR7xRCTHzW'),
    ('00000000-0000-4000-8000-000000000002', 'bob', 'bob@dexwin.test', '$2b$10$vq5974f3n.1GxuREQqeIIe7Vo1Pjgx0l1BHhVl4xnNJfg9GW/CcKe'),
    ('00000000-0000-4000-8000-000000000003', 'carol', 'carol@dexwin.test', '$2b$10$uoN8zPXumRKHbhMeLlF2YuP6XbnKkpxg/8DyOetL5n51dz7a7BE4m'),
    ('00000000-0000-4000-8000-000000000004', 'dave', 'dave@dexwin.test', '$2b$10$gGJyzOxiJJ3gCXGCm0iire.HA/TRlX9Dz4vQi4Mi.Sk8h21WiwnSe'),
    ('00000000-0000-4000-8000-000000000005', 'erin', 'erin@dexwin.test', '$2b$10$GVVfyOAQnLzgLxAFcHdLlOabks3rPc/DpV82/inXXhqRV3plzNO3i')
ON CONFLICT (id) DO NOTHING;

INSERT INTO projects (id, name, description, owner_id) VALUES
    ('00000000-0000-4000-8001-000000000001', 'Website Redesign', 'Revamp the marketing site', '00000000-0000-4000-8000-000000000001'),
    ('00000000-0000-4000-8001-000000000002', 'Mobile App', 'Build the v1 mobile client', '00000000-0000-4000-8000-000000000002'),
    ('00000000-0000-4000-8001-000000000003', 'API Platform', 'Public REST API and developer portal', '00000000-0000-4000-8000-000000000003'),
    ('00000000-0000-4000-8001-000000000004', 'Internal Tools', 'Dashboards and admin utilities for the ops team', '00000000-0000-4000-8000-000000000001'),
    ('00000000-0000-4000-8001-000000000005', 'Marketing Site Q3', 'Campaign landing pages (not started yet)', '00000000-0000-4000-8000-000000000002')
ON CONFLICT (id) DO NOTHING;

INSERT INTO tasks (id, title, description, status, priority, project_id, assignee_id, created_at) VALUES
    ('00000000-0000-4000-8002-000000000001', 'Design landing page', 'Hero, features, footer', 'IN_PROGRESS', 'HIGH', '00000000-0000-4000-8001-000000000001', '00000000-0000-4000-8000-000000000001', NOW()),
    ('00000000-0000-4000-8002-000000000002', 'Set up CI pipeline', 'GitHub Actions build + test', 'TODO', 'MEDIUM', '00000000-0000-4000-8001-000000000001', '00000000-0000-4000-8000-000000000002', NOW()),
    ('00000000-0000-4000-8002-000000000003', 'Implement login screen', 'Email + password auth', 'TODO', 'HIGH', '00000000-0000-4000-8001-000000000002', '00000000-0000-4000-8000-000000000003', NOW()),
    ('00000000-0000-4000-8002-000000000004', 'Push notifications', 'Integrate FCM', 'DONE', 'LOW', '00000000-0000-4000-8001-000000000002', '00000000-0000-4000-8000-000000000002', NOW()),
    ('00000000-0000-4000-8002-000000000005', 'Write hero copy', 'Marketing-approved headline and subhead', 'TODO', 'MEDIUM', '00000000-0000-4000-8001-000000000001', '00000000-0000-4000-8000-000000000003', NOW()),
    ('00000000-0000-4000-8002-000000000006', 'Accessibility audit', 'WCAG AA pass on key pages', 'IN_PROGRESS', 'HIGH', '00000000-0000-4000-8001-000000000001', '00000000-0000-4000-8000-000000000004', NOW()),
    ('00000000-0000-4000-8002-000000000007', 'Offline mode', 'Cache the task list for offline viewing', 'TODO', 'MEDIUM', '00000000-0000-4000-8001-000000000002', '00000000-0000-4000-8000-000000000005', NOW()),
    ('00000000-0000-4000-8002-000000000008', 'Crash reporting', 'Wire up Sentry on mobile', 'DONE', 'LOW', '00000000-0000-4000-8001-000000000002', '00000000-0000-4000-8000-000000000002', NOW()),
    ('00000000-0000-4000-8002-000000000009', 'Rate limiting', 'Per-key request throttling', 'IN_PROGRESS', 'HIGH', '00000000-0000-4000-8001-000000000003', '00000000-0000-4000-8000-000000000003', NOW()),
    ('00000000-0000-4000-8002-000000000010', 'OpenAPI docs', 'Generate and publish the API reference', 'TODO', 'MEDIUM', '00000000-0000-4000-8001-000000000003', '00000000-0000-4000-8000-000000000004', NOW()),
    ('00000000-0000-4000-8002-000000000011', 'Auth service', 'OAuth2 client-credentials flow', 'DONE', 'HIGH', '00000000-0000-4000-8001-000000000003', '00000000-0000-4000-8000-000000000001', NOW()),
    ('00000000-0000-4000-8002-000000000012', 'Webhook retries', 'Exponential backoff on delivery failure', 'TODO', 'LOW', '00000000-0000-4000-8001-000000000003', NULL, NOW()),
    ('00000000-0000-4000-8002-000000000013', 'Admin dashboard', 'Usage metrics and user management', 'IN_PROGRESS', 'MEDIUM', '00000000-0000-4000-8001-000000000004', '00000000-0000-4000-8000-000000000001', NOW()),
    ('00000000-0000-4000-8002-000000000014', 'CSV export', 'Export reports as CSV', 'TODO', 'LOW', '00000000-0000-4000-8001-000000000004', '00000000-0000-4000-8000-000000000005', NOW()),
    ('00000000-0000-4000-8002-000000000015', 'Audit log', 'Track admin actions', 'TODO', 'MEDIUM', '00000000-0000-4000-8001-000000000004', NULL, NOW())
ON CONFLICT (id) DO NOTHING;

INSERT INTO comments (id, content, task_id, author_id, created_at) VALUES
    ('00000000-0000-4000-8003-000000000001', 'Started on the hero section', '00000000-0000-4000-8002-000000000001', '00000000-0000-4000-8000-000000000001', NOW()),
    ('00000000-0000-4000-8003-000000000002', 'Use the new brand palette', '00000000-0000-4000-8002-000000000001', '00000000-0000-4000-8000-000000000002', NOW()),
    ('00000000-0000-4000-8003-000000000003', 'Blocked on design tokens', '00000000-0000-4000-8002-000000000003', '00000000-0000-4000-8000-000000000003', NOW()),
    ('00000000-0000-4000-8003-000000000004', 'Found 12 contrast issues so far', '00000000-0000-4000-8002-000000000006', '00000000-0000-4000-8000-000000000004', NOW()),
    ('00000000-0000-4000-8003-000000000005', 'Should we use a token bucket here?', '00000000-0000-4000-8002-000000000009', '00000000-0000-4000-8000-000000000003', NOW()),
    ('00000000-0000-4000-8003-000000000006', 'Add a date-range filter to the metrics', '00000000-0000-4000-8002-000000000013', '00000000-0000-4000-8000-000000000001', NOW()),
    ('00000000-0000-4000-8003-000000000007', 'CI is green now', '00000000-0000-4000-8002-000000000002', '00000000-0000-4000-8000-000000000001', NOW())
ON CONFLICT (id) DO NOTHING;
